INSERT INTO users (id, nick)
VALUES (1, 'Gerti');
INSERT INTO users (id, nick)
VALUES (2, 'Merrie');
INSERT INTO users (id, nick)
VALUES (3, 'Tabbitha');
INSERT INTO users (id, nick)
VALUES (4, 'Stacia');
INSERT INTO users (id, nick)
VALUES (5, 'Chrissy');
INSERT INTO users (id, nick)
VALUES (6, 'Red');
INSERT INTO users (id, nick)
VALUES (7, 'Thomasin');
INSERT INTO users (id, nick)
VALUES (8, 'Zara');
INSERT INTO users (id, nick)
VALUES (9, 'Sissy');
INSERT INTO users (id, nick)
VALUES (10, 'Lauritz');
INSERT INTO users (id, nick)
VALUES (11, 'Merle');
INSERT INTO users (id, nick)
VALUES (12, 'Susana');
INSERT INTO users (id, nick)
VALUES (13, 'Crosby');
INSERT INTO users (id, nick)
VALUES (14, 'Gwyneth');
INSERT INTO users (id, nick)
VALUES (15, 'Riva');
INSERT INTO users (id, nick)
VALUES (16, 'Beau');
INSERT INTO users (id, nick)
VALUES (17, 'Iago');
INSERT INTO users (id, nick)
VALUES (18, 'Pren');
INSERT INTO users (id, nick)
VALUES (19, 'Tommie');
INSERT INTO users (id, nick)
VALUES (20, 'Bord');

INSERT INTO publication_types (id, type)
VALUES (1, 'comment'),
       (2, 'photo');

INSERT INTO publications (id, author_id, type_id, entity_id)
VALUES (1, 5, 2, 1);
INSERT INTO publications (id, author_id, type_id, entity_id)
VALUES (2, 12, 2, 2);
INSERT INTO publications (id, author_id, type_id, entity_id)
VALUES (3, 14, 2, 3);
INSERT INTO publications (id, author_id, type_id, entity_id)
VALUES (4, 14, 2, 4);
INSERT INTO publications (id, author_id, type_id, entity_id)
VALUES (5, 19, 2, 5);
INSERT INTO publications (id, author_id, type_id, entity_id)
VALUES (6, 2, 2, 6);
INSERT INTO publications (id, author_id, type_id, entity_id)
VALUES (7, 13, 2, 7);
INSERT INTO publications (id, author_id, type_id, entity_id)
VALUES (8, 5, 2, 8);
INSERT INTO publications (id, author_id, type_id, entity_id)
VALUES (9, 2, 2, 9);
INSERT INTO publications (id, author_id, type_id, entity_id)
VALUES (10, 16, 2, 10);
INSERT INTO publications (id, author_id, type_id, entity_id)
VALUES (11, 19, 2, 11);
INSERT INTO publications (id, author_id, type_id, entity_id)
VALUES (12, 9, 2, 12);
INSERT INTO publications (id, author_id, type_id, entity_id)
VALUES (13, 7, 2, 13);
INSERT INTO publications (id, author_id, type_id, entity_id)
VALUES (14, 5, 2, 14);
INSERT INTO publications (id, author_id, type_id, entity_id)
VALUES (15, 9, 2, 15);
INSERT INTO publications (id, author_id, type_id, entity_id)
VALUES (16, 20, 2, 16);
INSERT INTO publications (id, author_id, type_id, entity_id)
VALUES (17, 10, 2, 17);
INSERT INTO publications (id, author_id, type_id, entity_id)
VALUES (18, 9, 2, 18);
INSERT INTO publications (id, author_id, type_id, entity_id)
VALUES (19, 12, 2, 19);
INSERT INTO publications (id, author_id, type_id, entity_id)
VALUES (20, 13, 2, 20);
INSERT INTO publications (id, author_id, type_id, entity_id)
VALUES (21, 15, 2, 21);
INSERT INTO publications (id, author_id, type_id, entity_id)
VALUES (22, 19, 2, 22);
INSERT INTO publications (id, author_id, type_id, entity_id)
VALUES (23, 7, 2, 23);
INSERT INTO publications (id, author_id, type_id, entity_id)
VALUES (24, 12, 2, 24);
INSERT INTO publications (id, author_id, type_id, entity_id)
VALUES (25, 14, 2, 25);
INSERT INTO publications (id, author_id, type_id, entity_id)
VALUES (26, 2, 2, 26);
INSERT INTO publications (id, author_id, type_id, entity_id)
VALUES (27, 9, 2, 27);
INSERT INTO publications (id, author_id, type_id, entity_id)
VALUES (28, 6, 2, 28);
INSERT INTO publications (id, author_id, type_id, entity_id)
VALUES (29, 14, 2, 29);
INSERT INTO publications (id, author_id, type_id, entity_id)
VALUES (30, 11, 2, 30);
INSERT INTO publications (id, author_id, type_id, entity_id)
VALUES (31, 1, 2, 31);
INSERT INTO publications (id, author_id, type_id, entity_id)
VALUES (32, 19, 2, 32);
INSERT INTO publications (id, author_id, type_id, entity_id)
VALUES (33, 9, 2, 33);
INSERT INTO publications (id, author_id, type_id, entity_id)
VALUES (34, 3, 2, 34);
INSERT INTO publications (id, author_id, type_id, entity_id)
VALUES (35, 13, 2, 35);
INSERT INTO publications (id, author_id, type_id, entity_id)
VALUES (36, 4, 2, 36);
INSERT INTO publications (id, author_id, type_id, entity_id)
VALUES (37, 9, 2, 37);
INSERT INTO publications (id, author_id, type_id, entity_id)
VALUES (38, 8, 2, 38);
INSERT INTO publications (id, author_id, type_id, entity_id)
VALUES (39, 11, 2, 39);
INSERT INTO publications (id, author_id, type_id, entity_id)
VALUES (40, 2, 2, 40);
INSERT INTO publications (id, author_id, type_id, entity_id)
VALUES (41, 2, 1, 41);
INSERT INTO publications (id, author_id, type_id, entity_id)
VALUES (42, 9, 1, 42);
INSERT INTO publications (id, author_id, type_id, entity_id)
VALUES (43, 2, 1, 43);
INSERT INTO publications (id, author_id, type_id, entity_id)
VALUES (44, 4, 1, 44);
INSERT INTO publications (id, author_id, type_id, entity_id)
VALUES (45, 9, 1, 45);
INSERT INTO publications (id, author_id, type_id, entity_id)
VALUES (46, 15, 1, 46);
INSERT INTO publications (id, author_id, type_id, entity_id)
VALUES (47, 20, 1, 47);
INSERT INTO publications (id, author_id, type_id, entity_id)
VALUES (48, 16, 1, 48);
INSERT INTO publications (id, author_id, type_id, entity_id)
VALUES (49, 1, 1, 49);
INSERT INTO publications (id, author_id, type_id, entity_id)
VALUES (50, 12, 1, 50);
INSERT INTO publications (id, author_id, type_id, entity_id)
VALUES (51, 18, 1, 51);
INSERT INTO publications (id, author_id, type_id, entity_id)
VALUES (52, 3, 1, 52);
INSERT INTO publications (id, author_id, type_id, entity_id)
VALUES (53, 8, 1, 53);
INSERT INTO publications (id, author_id, type_id, entity_id)
VALUES (54, 16, 1, 54);
INSERT INTO publications (id, author_id, type_id, entity_id)
VALUES (55, 14, 1, 55);
INSERT INTO publications (id, author_id, type_id, entity_id)
VALUES (56, 13, 1, 56);
INSERT INTO publications (id, author_id, type_id, entity_id)
VALUES (57, 19, 1, 57);
INSERT INTO publications (id, author_id, type_id, entity_id)
VALUES (58, 4, 1, 58);
INSERT INTO publications (id, author_id, type_id, entity_id)
VALUES (59, 10, 1, 59);
INSERT INTO publications (id, author_id, type_id, entity_id)
VALUES (60, 18, 1, 60);
INSERT INTO publications (id, author_id, type_id, entity_id)
VALUES (61, 8, 1, 61);
INSERT INTO publications (id, author_id, type_id, entity_id)
VALUES (62, 18, 1, 62);
INSERT INTO publications (id, author_id, type_id, entity_id)
VALUES (63, 17, 1, 63);
INSERT INTO publications (id, author_id, type_id, entity_id)
VALUES (64, 3, 1, 64);
INSERT INTO publications (id, author_id, type_id, entity_id)
VALUES (65, 19, 1, 65);
INSERT INTO publications (id, author_id, type_id, entity_id)
VALUES (66, 1, 1, 66);
INSERT INTO publications (id, author_id, type_id, entity_id)
VALUES (67, 5, 1, 67);
INSERT INTO publications (id, author_id, type_id, entity_id)
VALUES (68, 4, 1, 68);
INSERT INTO publications (id, author_id, type_id, entity_id)
VALUES (69, 3, 1, 69);
INSERT INTO publications (id, author_id, type_id, entity_id)
VALUES (70, 4, 1, 70);
INSERT INTO publications (id, author_id, type_id, entity_id)
VALUES (71, 10, 1, 71);
INSERT INTO publications (id, author_id, type_id, entity_id)
VALUES (72, 12, 1, 72);
INSERT INTO publications (id, author_id, type_id, entity_id)
VALUES (73, 19, 1, 73);
INSERT INTO publications (id, author_id, type_id, entity_id)
VALUES (74, 6, 1, 74);
INSERT INTO publications (id, author_id, type_id, entity_id)
VALUES (75, 19, 1, 75);
INSERT INTO publications (id, author_id, type_id, entity_id)
VALUES (76, 8, 1, 76);
INSERT INTO publications (id, author_id, type_id, entity_id)
VALUES (77, 6, 1, 77);
INSERT INTO publications (id, author_id, type_id, entity_id)
VALUES (78, 16, 1, 78);
INSERT INTO publications (id, author_id, type_id, entity_id)
VALUES (79, 10, 1, 79);
INSERT INTO publications (id, author_id, type_id, entity_id)
VALUES (80, 18, 1, 80);

INSERT INTO photos (id, name)
VALUES (1, 'IpsumPraesentBlandit.png');
INSERT INTO photos (id, name)
VALUES (2, 'VelitEuEst.jpeg');
INSERT INTO photos (id, name)
VALUES (3, 'Aenean.jpeg');
INSERT INTO photos (id, name)
VALUES (4, 'CommodoPlacerat.jpeg');
INSERT INTO photos (id, name)
VALUES (5, 'MassaVolutpat.jpeg');
INSERT INTO photos (id, name)
VALUES (6, 'BlanditLacinia.jpeg');
INSERT INTO photos (id, name)
VALUES (7, 'SapienUrna.jpeg');
INSERT INTO photos (id, name)
VALUES (8, 'Justo.jpeg');
INSERT INTO photos (id, name)
VALUES (9, 'Mus.jpeg');
INSERT INTO photos (id, name)
VALUES (10, 'GravidaNisiAt.jpeg');
INSERT INTO photos (id, name)
VALUES (11, 'SedAccumsan.jpeg');
INSERT INTO photos (id, name)
VALUES (12, 'Congue.png');
INSERT INTO photos (id, name)
VALUES (13, 'Nulla.png');
INSERT INTO photos (id, name)
VALUES (14, 'NonMiInteger.png');
INSERT INTO photos (id, name)
VALUES (15, 'VulputateLuctus.png');
INSERT INTO photos (id, name)
VALUES (16, 'Odio.png');
INSERT INTO photos (id, name)
VALUES (17, 'VelSemSed.png');
INSERT INTO photos (id, name)
VALUES (18, 'ElementumEu.png');
INSERT INTO photos (id, name)
VALUES (19, 'DolorMorbiVel.png');
INSERT INTO photos (id, name)
VALUES (20, 'VelAugueVestibulum.png');
INSERT INTO photos (id, name)
VALUES (21, 'AuctorGravidaSem.png');
INSERT INTO photos (id, name)
VALUES (22, 'Est.jpeg');
INSERT INTO photos (id, name)
VALUES (23, 'Blandit.png');
INSERT INTO photos (id, name)
VALUES (24, 'PurusEuMagna.png');
INSERT INTO photos (id, name)
VALUES (25, 'TristiqueInTempus.jpeg');
INSERT INTO photos (id, name)
VALUES (26, 'Ipsum.png');
INSERT INTO photos (id, name)
VALUES (27, 'MattisPulvinar.png');
INSERT INTO photos (id, name)
VALUES (28, 'In.png');
INSERT INTO photos (id, name)
VALUES (29, 'HacHabitassePlatea.png');
INSERT INTO photos (id, name)
VALUES (30, 'ArcuAdipiscing.png');
INSERT INTO photos (id, name)
VALUES (31, 'TempusSemper.png');
INSERT INTO photos (id, name)
VALUES (32, 'MorbiVestibulumVelit.png');
INSERT INTO photos (id, name)
VALUES (33, 'AnteVivamus.png');
INSERT INTO photos (id, name)
VALUES (34, 'Etiam.png');
INSERT INTO photos (id, name)
VALUES (35, 'MorbiPorttitorLorem.png');
INSERT INTO photos (id, name)
VALUES (36, 'At.xls');
INSERT INTO photos (id, name)
VALUES (37, 'EtTempusSemper.png');
INSERT INTO photos (id, name)
VALUES (38, 'Et.png');
INSERT INTO photos (id, name)
VALUES (39, 'LigulaNec.png');
INSERT INTO photos (id, name)
VALUES (40, 'PellentesqueVolutpatDui.png');

INSERT INTO comments (id, text)
VALUES (1, 'iaculis diam erat fermentum justo nec condimentum neque sapien placerat');
INSERT INTO comments (id, text)
VALUES (2, 'metus arcu adipiscing molestie hendrerit at vulputate vitae nisl aenean');
INSERT INTO comments (id, text)
VALUES (3, 'primis in faucibus orci luctus et ultrices posuere cubilia curae');
INSERT INTO comments (id, text)
VALUES (4, 'habitasse platea dictumst etiam faucibus cursus urna ut tellus nulla');
INSERT INTO comments (id, text)
VALUES (5, 'feugiat non pretium quis lectus');
INSERT INTO comments (id, text)
VALUES (6, 'nulla nunc purus phasellus in');
INSERT INTO comments (id, text)
VALUES (7, 'posuere cubilia curae duis faucibus accumsan odio curabitur');
INSERT INTO comments (id, text)
VALUES (8, 'sed vestibulum sit amet cursus id');
INSERT INTO comments (id, text)
VALUES (9, 'sit amet nulla quisque arcu libero rutrum ac lobortis vel');
INSERT INTO comments (id, text)
VALUES (10, 'sapien varius ut blandit non interdum in ante vestibulum');
INSERT INTO comments (id, text)
VALUES (11, 'duis aliquam convallis nunc proin');
INSERT INTO comments (id, text)
VALUES (12, 'porta volutpat erat quisque erat');
INSERT INTO comments (id, text)
VALUES (13, 'amet consectetuer adipiscing elit proin');
INSERT INTO comments (id, text)
VALUES (14, 'et commodo vulputate justo in');
INSERT INTO comments (id, text)
VALUES (15, 'sagittis dui vel nisl duis ac nibh fusce lacus purus');
INSERT INTO comments (id, text)
VALUES (16, 'nec nisi vulputate nonummy maecenas tincidunt lacus at velit vivamus');
INSERT INTO comments (id, text)
VALUES (17, 'erat nulla tempus vivamus in felis eu sapien cursus');
INSERT INTO comments (id, text)
VALUES (18, 'posuere felis sed lacus morbi sem mauris laoreet');
INSERT INTO comments (id, text)
VALUES (19, 'ultrices phasellus id sapien in sapien iaculis');
INSERT INTO comments (id, text)
VALUES (20, 'tellus nisi eu orci mauris lacinia');
INSERT INTO comments (id, text)
VALUES (21, 'sed tincidunt eu felis fusce posuere felis');
INSERT INTO comments (id, text)
VALUES (22, 'in hac habitasse platea dictumst maecenas ut massa quis');
INSERT INTO comments (id, text)
VALUES (23, 'pede venenatis non sodales sed');
INSERT INTO comments (id, text)
VALUES (24, 'bibendum imperdiet nullam orci pede venenatis non sodales sed tincidunt');
INSERT INTO comments (id, text)
VALUES (25, 'in magna bibendum imperdiet nullam orci pede venenatis non');
INSERT INTO comments (id, text)
VALUES (26, 'et ultrices posuere cubilia curae duis');
INSERT INTO comments (id, text)
VALUES (27, 'turpis integer aliquet massa id lobortis convallis tortor risus');
INSERT INTO comments (id, text)
VALUES (28, 'posuere cubilia curae duis faucibus accumsan odio curabitur convallis duis');
INSERT INTO comments (id, text)
VALUES (29, 'vulputate luctus cum sociis natoque penatibus');
INSERT INTO comments (id, text)
VALUES (30, 'mi sit amet lobortis sapien sapien non mi integer ac');
INSERT INTO comments (id, text)
VALUES (31, 'amet consectetuer adipiscing elit proin risus praesent lectus vestibulum quam');
INSERT INTO comments (id, text)
VALUES (32, 'amet erat nulla tempus vivamus in felis eu');
INSERT INTO comments (id, text)
VALUES (33, 'odio porttitor id consequat in');
INSERT INTO comments (id, text)
VALUES (34, 'felis fusce posuere felis sed lacus morbi sem mauris laoreet');
INSERT INTO comments (id, text)
VALUES (35, 'penatibus et magnis dis parturient montes nascetur ridiculus mus etiam');
INSERT INTO comments (id, text)
VALUES (36, 'dui vel nisl duis ac nibh');
INSERT INTO comments (id, text)
VALUES (37, 'aliquam convallis nunc proin at');
INSERT INTO comments (id, text)
VALUES (38, 'eget rutrum at lorem integer tincidunt');
INSERT INTO comments (id, text)
VALUES (39, 'justo lacinia eget tincidunt eget tempus vel pede morbi');
INSERT INTO comments (id, text)
VALUES (40, 'posuere cubilia curae donec pharetra magna vestibulum aliquet ultrices erat');


INSERT INTO likes (id, user_id, publication_id)
VALUES (1, 10, 50);
INSERT INTO likes (id, user_id, publication_id)
VALUES (2, 10, 45);
INSERT INTO likes (id, user_id, publication_id)
VALUES (3, 5, 33);
INSERT INTO likes (id, user_id, publication_id)
VALUES (4, 5, 54);
INSERT INTO likes (id, user_id, publication_id)
VALUES (5, 5, 48);
INSERT INTO likes (id, user_id, publication_id)
VALUES (6, 2, 1);
INSERT INTO likes (id, user_id, publication_id)
VALUES (7, 9, 58);
INSERT INTO likes (id, user_id, publication_id)
VALUES (8, 3, 49);
INSERT INTO likes (id, user_id, publication_id)
VALUES (9, 1, 29);
INSERT INTO likes (id, user_id, publication_id)
VALUES (10, 4, 72);
INSERT INTO likes (id, user_id, publication_id)
VALUES (11, 17, 65);
INSERT INTO likes (id, user_id, publication_id)
VALUES (12, 5, 49);
INSERT INTO likes (id, user_id, publication_id)
VALUES (13, 5, 37);
INSERT INTO likes (id, user_id, publication_id)
VALUES (14, 20, 17);
INSERT INTO likes (id, user_id, publication_id)
VALUES (15, 11, 29);
INSERT INTO likes (id, user_id, publication_id)
VALUES (16, 18, 4);
INSERT INTO likes (id, user_id, publication_id)
VALUES (17, 20, 34);
INSERT INTO likes (id, user_id, publication_id)
VALUES (18, 2, 55);
INSERT INTO likes (id, user_id, publication_id)
VALUES (19, 12, 47);
INSERT INTO likes (id, user_id, publication_id)
VALUES (20, 12, 17);
INSERT INTO likes (id, user_id, publication_id)
VALUES (21, 13, 4);
INSERT INTO likes (id, user_id, publication_id)
VALUES (22, 9, 69);
INSERT INTO likes (id, user_id, publication_id)
VALUES (23, 3, 42);
INSERT INTO likes (id, user_id, publication_id)
VALUES (24, 4, 51);
INSERT INTO likes (id, user_id, publication_id)
VALUES (25, 17, 29);
INSERT INTO likes (id, user_id, publication_id)
VALUES (26, 15, 41);
INSERT INTO likes (id, user_id, publication_id)
VALUES (27, 16, 16);
INSERT INTO likes (id, user_id, publication_id)
VALUES (28, 2, 71);
INSERT INTO likes (id, user_id, publication_id)
VALUES (29, 14, 33);
INSERT INTO likes (id, user_id, publication_id)
VALUES (30, 20, 51);
INSERT INTO likes (id, user_id, publication_id)
VALUES (31, 14, 34);
INSERT INTO likes (id, user_id, publication_id)
VALUES (32, 18, 68);
INSERT INTO likes (id, user_id, publication_id)
VALUES (33, 13, 51);
INSERT INTO likes (id, user_id, publication_id)
VALUES (35, 8, 77);
INSERT INTO likes (id, user_id, publication_id)
VALUES (36, 4, 24);
INSERT INTO likes (id, user_id, publication_id)
VALUES (37, 20, 29);
INSERT INTO likes (id, user_id, publication_id)
VALUES (38, 20, 1);
INSERT INTO likes (id, user_id, publication_id)
VALUES (39, 16, 11);
INSERT INTO likes (id, user_id, publication_id)
VALUES (40, 19, 75);
INSERT INTO likes (id, user_id, publication_id)
VALUES (41, 19, 31);
INSERT INTO likes (id, user_id, publication_id)
VALUES (42, 15, 34);
INSERT INTO likes (id, user_id, publication_id)
VALUES (43, 12, 12);
INSERT INTO likes (id, user_id, publication_id)
VALUES (44, 12, 44);
INSERT INTO likes (id, user_id, publication_id)
VALUES (45, 14, 27);
INSERT INTO likes (id, user_id, publication_id)
VALUES (46, 3, 26);
INSERT INTO likes (id, user_id, publication_id)
VALUES (47, 8, 41);
INSERT INTO likes (id, user_id, publication_id)
VALUES (48, 6, 12);
INSERT INTO likes (id, user_id, publication_id)
VALUES (49, 13, 25);
INSERT INTO likes (id, user_id, publication_id)
VALUES (50, 16, 7);
INSERT INTO likes (id, user_id, publication_id)
VALUES (51, 20, 28);
INSERT INTO likes (id, user_id, publication_id)
VALUES (52, 18, 16);
INSERT INTO likes (id, user_id, publication_id)
VALUES (53, 3, 46);
INSERT INTO likes (id, user_id, publication_id)
VALUES (54, 19, 3);
INSERT INTO likes (id, user_id, publication_id)
VALUES (55, 18, 77);
INSERT INTO likes (id, user_id, publication_id)
VALUES (57, 7, 25);
INSERT INTO likes (id, user_id, publication_id)
VALUES (58, 1, 21);
INSERT INTO likes (id, user_id, publication_id)
VALUES (59, 13, 29);
INSERT INTO likes (id, user_id, publication_id)
VALUES (60, 4, 18);
INSERT INTO likes (id, user_id, publication_id)
VALUES (61, 19, 8);
INSERT INTO likes (id, user_id, publication_id)
VALUES (62, 13, 44);
INSERT INTO likes (id, user_id, publication_id)
VALUES (63, 13, 60);
INSERT INTO likes (id, user_id, publication_id)
VALUES (64, 3, 34);
INSERT INTO likes (id, user_id, publication_id)
VALUES (65, 9, 74);
INSERT INTO likes (id, user_id, publication_id)
VALUES (66, 5, 65);
INSERT INTO likes (id, user_id, publication_id)
VALUES (67, 10, 37);
INSERT INTO likes (id, user_id, publication_id)
VALUES (68, 14, 6);
INSERT INTO likes (id, user_id, publication_id)
VALUES (69, 5, 14);
INSERT INTO likes (id, user_id, publication_id)
VALUES (70, 1, 3);
INSERT INTO likes (id, user_id, publication_id)
VALUES (71, 6, 63);
INSERT INTO likes (id, user_id, publication_id)
VALUES (72, 3, 64);
INSERT INTO likes (id, user_id, publication_id)
VALUES (73, 16, 50);
INSERT INTO likes (id, user_id, publication_id)
VALUES (74, 13, 40);
INSERT INTO likes (id, user_id, publication_id)
VALUES (75, 13, 78);
INSERT INTO likes (id, user_id, publication_id)
VALUES (76, 12, 56);
INSERT INTO likes (id, user_id, publication_id)
VALUES (77, 7, 11);
INSERT INTO likes (id, user_id, publication_id)
VALUES (78, 18, 39);
INSERT INTO likes (id, user_id, publication_id)
VALUES (79, 11, 26);
INSERT INTO likes (id, user_id, publication_id)
VALUES (80, 13, 24);
INSERT INTO likes (id, user_id, publication_id)
VALUES (82, 10, 75);
INSERT INTO likes (id, user_id, publication_id)
VALUES (83, 8, 79);
INSERT INTO likes (id, user_id, publication_id)
VALUES (84, 16, 19);
INSERT INTO likes (id, user_id, publication_id)
VALUES (85, 5, 70);
INSERT INTO likes (id, user_id, publication_id)
VALUES (86, 7, 2);
INSERT INTO likes (id, user_id, publication_id)
VALUES (88, 19, 79);
INSERT INTO likes (id, user_id, publication_id)
VALUES (89, 11, 4);
INSERT INTO likes (id, user_id, publication_id)
VALUES (88, 19, 79);
INSERT INTO likes (id, user_id, publication_id)
VALUES (90, 6, 12);
INSERT INTO likes (id, user_id, publication_id)
VALUES (91, 1, 41);
INSERT INTO likes (id, user_id, publication_id)
VALUES (92, 2, 4);
INSERT INTO likes (id, user_id, publication_id)
VALUES (93, 12, 69);
INSERT INTO likes (id, user_id, publication_id)
VALUES (94, 3, 31);
INSERT INTO likes (id, user_id, publication_id)
VALUES (95, 7, 47);
INSERT INTO likes (id, user_id, publication_id)
VALUES (96, 18, 10);
INSERT INTO likes (id, user_id, publication_id)
VALUES (97, 11, 62);
INSERT INTO likes (id, user_id, publication_id)
VALUES (98, 20, 31);
INSERT INTO likes (id, user_id, publication_id)
VALUES (99, 20, 76);
INSERT INTO likes (id, user_id, publication_id)
VALUES (100, 14, 40);
INSERT INTO likes (id, user_id, publication_id)
VALUES (101, 8, 24);
INSERT INTO likes (id, user_id, publication_id)
VALUES (102, 10, 50);
INSERT INTO likes (id, user_id, publication_id)
VALUES (103, 20, 77);
INSERT INTO likes (id, user_id, publication_id)
VALUES (104, 10, 21);
INSERT INTO likes (id, user_id, publication_id)
VALUES (105, 8, 38);
INSERT INTO likes (id, user_id, publication_id)
VALUES (106, 19, 67);
INSERT INTO likes (id, user_id, publication_id)
VALUES (107, 15, 73);
INSERT INTO likes (id, user_id, publication_id)
VALUES (108, 4, 30);
INSERT INTO likes (id, user_id, publication_id)
VALUES (109, 11, 48);
INSERT INTO likes (id, user_id, publication_id)
VALUES (110, 5, 3);
INSERT INTO likes (id, user_id, publication_id)
VALUES (111, 3, 32);
INSERT INTO likes (id, user_id, publication_id)
VALUES (112, 14, 79);
INSERT INTO likes (id, user_id, publication_id)
VALUES (113, 6, 79);
INSERT INTO likes (id, user_id, publication_id)
VALUES (114, 7, 53);
INSERT INTO likes (id, user_id, publication_id)
VALUES (115, 6, 74);
INSERT INTO likes (id, user_id, publication_id)
VALUES (116, 19, 72);
INSERT INTO likes (id, user_id, publication_id)
VALUES (117, 17, 61);
INSERT INTO likes (id, user_id, publication_id)
VALUES (118, 10, 2);
INSERT INTO likes (id, user_id, publication_id)
VALUES (119, 17, 13);
INSERT INTO likes (id, user_id, publication_id)
VALUES (120, 11, 28);
INSERT INTO likes (id, user_id, publication_id)
VALUES (121, 1, 6);
INSERT INTO likes (id, user_id, publication_id)
VALUES (122, 5, 8);
INSERT INTO likes (id, user_id, publication_id)
VALUES (123, 15, 25);
INSERT INTO likes (id, user_id, publication_id)
VALUES (124, 5, 74);
INSERT INTO likes (id, user_id, publication_id)
VALUES (125, 3, 41);
INSERT INTO likes (id, user_id, publication_id)
VALUES (126, 4, 54);
INSERT INTO likes (id, user_id, publication_id)
VALUES (127, 18, 39);
INSERT INTO likes (id, user_id, publication_id)
VALUES (128, 7, 13);
INSERT INTO likes (id, user_id, publication_id)
VALUES (129, 19, 62);
INSERT INTO likes (id, user_id, publication_id)
VALUES (130, 1, 32);
INSERT INTO likes (id, user_id, publication_id)
VALUES (131, 1, 59);
INSERT INTO likes (id, user_id, publication_id)
VALUES (132, 4, 75);
INSERT INTO likes (id, user_id, publication_id)
VALUES (133, 18, 62);
INSERT INTO likes (id, user_id, publication_id)
VALUES (134, 5, 70);
INSERT INTO likes (id, user_id, publication_id)
VALUES (135, 1, 17);
INSERT INTO likes (id, user_id, publication_id)
VALUES (136, 13, 12);
INSERT INTO likes (id, user_id, publication_id)
VALUES (137, 11, 37);
INSERT INTO likes (id, user_id, publication_id)
VALUES (138, 12, 21);
INSERT INTO likes (id, user_id, publication_id)
VALUES (139, 2, 11);
INSERT INTO likes (id, user_id, publication_id)
VALUES (140, 5, 47);
INSERT INTO likes (id, user_id, publication_id)
VALUES (141, 12, 43);
INSERT INTO likes (id, user_id, publication_id)
VALUES (142, 5, 48);
INSERT INTO likes (id, user_id, publication_id)
VALUES (143, 18, 47);
INSERT INTO likes (id, user_id, publication_id)
VALUES (144, 11, 48);
INSERT INTO likes (id, user_id, publication_id)
VALUES (145, 17, 48);
INSERT INTO likes (id, user_id, publication_id)
VALUES (146, 6, 22);
INSERT INTO likes (id, user_id, publication_id)
VALUES (147, 2, 57);
INSERT INTO likes (id, user_id, publication_id)
VALUES (148, 6, 22);
INSERT INTO likes (id, user_id, publication_id)
VALUES (149, 2, 32);
INSERT INTO likes (id, user_id, publication_id)
VALUES (150, 15, 32);
INSERT INTO likes (id, user_id, publication_id)
VALUES (151, 6, 15);
INSERT INTO likes (id, user_id, publication_id)
VALUES (152, 20, 34);
INSERT INTO likes (id, user_id, publication_id)
VALUES (153, 11, 61);
INSERT INTO likes (id, user_id, publication_id)
VALUES (154, 6, 29);
INSERT INTO likes (id, user_id, publication_id)
VALUES (155, 3, 72);
INSERT INTO likes (id, user_id, publication_id)
VALUES (156, 1, 63);
INSERT INTO likes (id, user_id, publication_id)
VALUES (157, 8, 30);
INSERT INTO likes (id, user_id, publication_id)
VALUES (158, 3, 63);
INSERT INTO likes (id, user_id, publication_id)
VALUES (159, 9, 11);
INSERT INTO likes (id, user_id, publication_id)
VALUES (160, 18, 47);
INSERT INTO likes (id, user_id, publication_id)
VALUES (161, 15, 2);
INSERT INTO likes (id, user_id, publication_id)
VALUES (162, 16, 68);
INSERT INTO likes (id, user_id, publication_id)
VALUES (163, 17, 5);
INSERT INTO likes (id, user_id, publication_id)
VALUES (164, 15, 11);
INSERT INTO likes (id, user_id, publication_id)
VALUES (165, 13, 36);
INSERT INTO likes (id, user_id, publication_id)
VALUES (166, 15, 30);
INSERT INTO likes (id, user_id, publication_id)
VALUES (167, 8, 80);
INSERT INTO likes (id, user_id, publication_id)
VALUES (168, 10, 32);
INSERT INTO likes (id, user_id, publication_id)
VALUES (169, 19, 4);
INSERT INTO likes (id, user_id, publication_id)
VALUES (170, 16, 42);
INSERT INTO likes (id, user_id, publication_id)
VALUES (171, 18, 45);
INSERT INTO likes (id, user_id, publication_id)
VALUES (172, 15, 65);
INSERT INTO likes (id, user_id, publication_id)
VALUES (173, 11, 61);
INSERT INTO likes (id, user_id, publication_id)
VALUES (174, 13, 32);
INSERT INTO likes (id, user_id, publication_id)
VALUES (175, 16, 23);
INSERT INTO likes (id, user_id, publication_id)
VALUES (176, 8, 41);
INSERT INTO likes (id, user_id, publication_id)
VALUES (177, 15, 40);
INSERT INTO likes (id, user_id, publication_id)
VALUES (178, 5, 57);
INSERT INTO likes (id, user_id, publication_id)
VALUES (179, 14, 25);
INSERT INTO likes (id, user_id, publication_id)
VALUES (180, 11, 59);
INSERT INTO likes (id, user_id, publication_id)
VALUES (181, 20, 40);
INSERT INTO likes (id, user_id, publication_id)
VALUES (182, 14, 67);
INSERT INTO likes (id, user_id, publication_id)
VALUES (183, 15, 66);
INSERT INTO likes (id, user_id, publication_id)
VALUES (184, 3, 23);
INSERT INTO likes (id, user_id, publication_id)
VALUES (185, 17, 38);
INSERT INTO likes (id, user_id, publication_id)
VALUES (186, 9, 36);
INSERT INTO likes (id, user_id, publication_id)
VALUES (187, 17, 6);
INSERT INTO likes (id, user_id, publication_id)
VALUES (188, 14, 69);
INSERT INTO likes (id, user_id, publication_id)
VALUES (189, 17, 77);
INSERT INTO likes (id, user_id, publication_id)
VALUES (190, 18, 50);
INSERT INTO likes (id, user_id, publication_id)
VALUES (191, 1, 6);
INSERT INTO likes (id, user_id, publication_id)
VALUES (192, 3, 23);
INSERT INTO likes (id, user_id, publication_id)
VALUES (193, 12, 80);
INSERT INTO likes (id, user_id, publication_id)
VALUES (194, 14, 51);
INSERT INTO likes (id, user_id, publication_id)
VALUES (195, 8, 10);
INSERT INTO likes (id, user_id, publication_id)
VALUES (196, 11, 1);
INSERT INTO likes (id, user_id, publication_id)
VALUES (197, 12, 9);
INSERT INTO likes (id, user_id, publication_id)
VALUES (198, 3, 10);
INSERT INTO likes (id, user_id, publication_id)
VALUES (199, 3, 3);
INSERT INTO likes (id, user_id, publication_id)
VALUES (200, 2, 67);
INSERT INTO likes (id, user_id, publication_id)
VALUES (91, 1, 41);
INSERT INTO likes (id, user_id, publication_id)
VALUES (92, 2, 4);
INSERT INTO likes (id, user_id, publication_id)
VALUES (93, 12, 69);
INSERT INTO likes (id, user_id, publication_id)
VALUES (94, 3, 31);
INSERT INTO likes (id, user_id, publication_id)
VALUES (95, 7, 47);
INSERT INTO likes (id, user_id, publication_id)
VALUES (96, 18, 10);
INSERT INTO likes (id, user_id, publication_id)
VALUES (97, 11, 62);
INSERT INTO likes (id, user_id, publication_id)
VALUES (98, 20, 31);
INSERT INTO likes (id, user_id, publication_id)
VALUES (99, 20, 76);
INSERT INTO likes (id, user_id, publication_id)
VALUES (100, 14, 40);
INSERT INTO likes (id, user_id, publication_id)
VALUES (101, 8, 24);
INSERT INTO likes (id, user_id, publication_id)
VALUES (102, 10, 50);
INSERT INTO likes (id, user_id, publication_id)
VALUES (103, 20, 77);
INSERT INTO likes (id, user_id, publication_id)
VALUES (104, 10, 21);
INSERT INTO likes (id, user_id, publication_id)
VALUES (105, 8, 38);
INSERT INTO likes (id, user_id, publication_id)
VALUES (106, 19, 67);
INSERT INTO likes (id, user_id, publication_id)
VALUES (107, 15, 73);
INSERT INTO likes (id, user_id, publication_id)
VALUES (108, 4, 30);
INSERT INTO likes (id, user_id, publication_id)
VALUES (109, 11, 48);
INSERT INTO likes (id, user_id, publication_id)
VALUES (110, 5, 3);
INSERT INTO likes (id, user_id, publication_id)
VALUES (111, 3, 32);
INSERT INTO likes (id, user_id, publication_id)
VALUES (112, 14, 79);
INSERT INTO likes (id, user_id, publication_id)
VALUES (113, 6, 79);
INSERT INTO likes (id, user_id, publication_id)
VALUES (114, 7, 53);
INSERT INTO likes (id, user_id, publication_id)
VALUES (115, 6, 74);
INSERT INTO likes (id, user_id, publication_id)
VALUES (116, 19, 72);
INSERT INTO likes (id, user_id, publication_id)
VALUES (117, 17, 61);
INSERT INTO likes (id, user_id, publication_id)
VALUES (118, 10, 2);
INSERT INTO likes (id, user_id, publication_id)
VALUES (119, 17, 13);
INSERT INTO likes (id, user_id, publication_id)
VALUES (120, 11, 28);
INSERT INTO likes (id, user_id, publication_id)
VALUES (121, 1, 6);
INSERT INTO likes (id, user_id, publication_id)
VALUES (122, 5, 8);
INSERT INTO likes (id, user_id, publication_id)
VALUES (123, 15, 25);
INSERT INTO likes (id, user_id, publication_id)
VALUES (124, 5, 74);
INSERT INTO likes (id, user_id, publication_id)
VALUES (125, 3, 41);
INSERT INTO likes (id, user_id, publication_id)
VALUES (126, 4, 54);
INSERT INTO likes (id, user_id, publication_id)
VALUES (127, 18, 39);
INSERT INTO likes (id, user_id, publication_id)
VALUES (128, 7, 13);
INSERT INTO likes (id, user_id, publication_id)
VALUES (129, 19, 62);
INSERT INTO likes (id, user_id, publication_id)
VALUES (130, 1, 32);
INSERT INTO likes (id, user_id, publication_id)
VALUES (131, 1, 59);
INSERT INTO likes (id, user_id, publication_id)
VALUES (132, 4, 75);
INSERT INTO likes (id, user_id, publication_id)
VALUES (133, 18, 62);
INSERT INTO likes (id, user_id, publication_id)
VALUES (134, 5, 70);
INSERT INTO likes (id, user_id, publication_id)
VALUES (135, 1, 17);
INSERT INTO likes (id, user_id, publication_id)
VALUES (136, 13, 12);
INSERT INTO likes (id, user_id, publication_id)
VALUES (137, 11, 37);
INSERT INTO likes (id, user_id, publication_id)
VALUES (138, 12, 21);
INSERT INTO likes (id, user_id, publication_id)
VALUES (139, 2, 11);
INSERT INTO likes (id, user_id, publication_id)
VALUES (140, 5, 47);
INSERT INTO likes (id, user_id, publication_id)
VALUES (141, 12, 43);
INSERT INTO likes (id, user_id, publication_id)
VALUES (142, 5, 48);
INSERT INTO likes (id, user_id, publication_id)
VALUES (143, 18, 47);
INSERT INTO likes (id, user_id, publication_id)
VALUES (144, 11, 48);
INSERT INTO likes (id, user_id, publication_id)
VALUES (145, 17, 48);
INSERT INTO likes (id, user_id, publication_id)
VALUES (146, 6, 22);
INSERT INTO likes (id, user_id, publication_id)
VALUES (147, 2, 57);
INSERT INTO likes (id, user_id, publication_id)
VALUES (148, 6, 22);
INSERT INTO likes (id, user_id, publication_id)
VALUES (149, 2, 32);
INSERT INTO likes (id, user_id, publication_id)
VALUES (150, 15, 32);
INSERT INTO likes (id, user_id, publication_id)
VALUES (151, 6, 15);
INSERT INTO likes (id, user_id, publication_id)
VALUES (152, 20, 34);
INSERT INTO likes (id, user_id, publication_id)
VALUES (153, 11, 61);
INSERT INTO likes (id, user_id, publication_id)
VALUES (154, 6, 29);
INSERT INTO likes (id, user_id, publication_id)
VALUES (155, 3, 72);
INSERT INTO likes (id, user_id, publication_id)
VALUES (156, 1, 63);
INSERT INTO likes (id, user_id, publication_id)
VALUES (157, 8, 30);
INSERT INTO likes (id, user_id, publication_id)
VALUES (158, 3, 63);
INSERT INTO likes (id, user_id, publication_id)
VALUES (159, 9, 11);
INSERT INTO likes (id, user_id, publication_id)
VALUES (160, 18, 47);
INSERT INTO likes (id, user_id, publication_id)
VALUES (161, 15, 2);
INSERT INTO likes (id, user_id, publication_id)
VALUES (162, 16, 68);
INSERT INTO likes (id, user_id, publication_id)
VALUES (163, 17, 5);
INSERT INTO likes (id, user_id, publication_id)
VALUES (164, 15, 11);
INSERT INTO likes (id, user_id, publication_id)
VALUES (165, 13, 36);
INSERT INTO likes (id, user_id, publication_id)
VALUES (166, 15, 30);
INSERT INTO likes (id, user_id, publication_id)
VALUES (167, 8, 80);
INSERT INTO likes (id, user_id, publication_id)
VALUES (168, 10, 32);
INSERT INTO likes (id, user_id, publication_id)
VALUES (169, 19, 4);
INSERT INTO likes (id, user_id, publication_id)
VALUES (170, 16, 42);
INSERT INTO likes (id, user_id, publication_id)
VALUES (171, 18, 45);
INSERT INTO likes (id, user_id, publication_id)
VALUES (172, 15, 65);
INSERT INTO likes (id, user_id, publication_id)
VALUES (173, 11, 61);
INSERT INTO likes (id, user_id, publication_id)
VALUES (174, 13, 32);
INSERT INTO likes (id, user_id, publication_id)
VALUES (175, 16, 23);
INSERT INTO likes (id, user_id, publication_id)
VALUES (176, 8, 41);
INSERT INTO likes (id, user_id, publication_id)
VALUES (177, 15, 40);
INSERT INTO likes (id, user_id, publication_id)
VALUES (178, 5, 57);
INSERT INTO likes (id, user_id, publication_id)
VALUES (179, 14, 25);
INSERT INTO likes (id, user_id, publication_id)
VALUES (180, 11, 59);
INSERT INTO likes (id, user_id, publication_id)
VALUES (181, 20, 40);
INSERT INTO likes (id, user_id, publication_id)
VALUES (182, 14, 67);
INSERT INTO likes (id, user_id, publication_id)
VALUES (183, 15, 66);
INSERT INTO likes (id, user_id, publication_id)
VALUES (184, 3, 23);
INSERT INTO likes (id, user_id, publication_id)
VALUES (185, 17, 38);
INSERT INTO likes (id, user_id, publication_id)
VALUES (186, 9, 36);
INSERT INTO likes (id, user_id, publication_id)
VALUES (187, 17, 6);
INSERT INTO likes (id, user_id, publication_id)
VALUES (188, 14, 69);
INSERT INTO likes (id, user_id, publication_id)
VALUES (189, 17, 77);
INSERT INTO likes (id, user_id, publication_id)
VALUES (190, 18, 50);
INSERT INTO likes (id, user_id, publication_id)
VALUES (191, 1, 6);
INSERT INTO likes (id, user_id, publication_id)
VALUES (192, 3, 23);
INSERT INTO likes (id, user_id, publication_id)
VALUES (193, 12, 80);
INSERT INTO likes (id, user_id, publication_id)
VALUES (194, 14, 51);
INSERT INTO likes (id, user_id, publication_id)
VALUES (195, 8, 10);
INSERT INTO likes (id, user_id, publication_id)
VALUES (196, 11, 1);
INSERT INTO likes (id, user_id, publication_id)
VALUES (197, 12, 9);
INSERT INTO likes (id, user_id, publication_id)
VALUES (198, 3, 10);
INSERT INTO likes (id, user_id, publication_id)
VALUES (199, 3, 3);
INSERT INTO likes (id, user_id, publication_id)
VALUES (200, 2, 67);

SELECT SETVAL('likes_id_seq', (SELECT max(id) FROM likes));
SELECT SETVAL('comments_id_seq', (SELECT max(id) FROM comments));
SELECT SETVAL('photos_id_seq', (SELECT max(id) FROM photos));
SELECT SETVAL('publications_id_seq', (SELECT max(id) FROM publications));
SELECT SETVAL('publication_types_id_seq', (SELECT max(id) FROM publication_types));
SELECT SETVAL('users_id_seq', (SELECT max(id) FROM users));